{"has_child":1,"home_url":"https:\/\/oxygen-qcnt6sdflkzyl.oxygen-demo.qsandbox.org","root_flag":"custom","php_version":"8.0.25","mysql_version":"10.6.16","wp_version":"6.5.3","child_file":{"oxygen-qcnt6sdflkzyl.oxygen-demo.qsandbox.org_wpvivid-665435220977a_2024-05-27-07-24_backup_db.zip":{"files":["oxygen-qcnt6sdflkzyl.oxygen-demo.qsandbox.org_wpvivid-665435220977a_2024-05-27-07-24_backup_db.sql"],"tables":[{"name":"wp_links","size":32768,"rows":"0"},{"name":"wp_presto_player_audio_presets","size":32768,"rows":"4"},{"name":"wp_presto_player_email_collection","size":32768,"rows":"0"},{"name":"wp_presto_player_presets","size":32768,"rows":"5"},{"name":"wp_presto_player_webhooks","size":32768,"rows":"0"},{"name":"wp_term_relationships","size":32768,"rows":"21"},{"name":"wp_commentmeta","size":49152,"rows":"0"},{"name":"wp_term_taxonomy","size":49152,"rows":"4"},{"name":"wp_termmeta","size":49152,"rows":"0"},{"name":"wp_terms","size":49152,"rows":"4"},{"name":"wp_usermeta","size":49152,"rows":"22"},{"name":"wp_users","size":65536,"rows":"0"},{"name":"wp_presto_player_videos","size":81920,"rows":"0"},{"name":"wp_comments","size":98304,"rows":"0"},{"name":"wp_presto_player_visits","size":98304,"rows":"0"},{"name":"wp_simply_static_pages","size":180224,"rows":"160"},{"name":"wp_options","size":3620864,"rows":"254"},{"name":"wp_postmeta","size":4423680,"rows":"656"},{"name":"wp_posts","size":6471680,"rows":"186"}],"dump_db":1,"file_type":"databases","home_url":"https:\/\/oxygen-qcnt6sdflkzyl.oxygen-demo.qsandbox.org","root_flag":"custom","php_version":"8.0.25","mysql_version":"10.6.16","wp_version":"6.5.3","find_zero_date":1,"file":"oxygen-qcnt6sdflkzyl.oxygen-demo.qsandbox.org_wpvivid-665435220977a_2024-05-27-07-24_backup_db.part001.zip"},"oxygen-qcnt6sdflkzyl.oxygen-demo.qsandbox.org_wpvivid-665435220977a_2024-05-27-07-24_backup_themes.zip":{"file_type":"themes","root_flag":"wp-content","php_version":"8.0.25","mysql_version":"10.6.16","wp_version":"6.5.3","themes":{"astra":{"slug":"astra"},"twentytwentyfour":{"slug":"twentytwentyfour"},"twentytwentyone":{"slug":"twentytwentyone"},"twentytwentythree":{"slug":"twentytwentythree"},"twentytwentytwo":{"slug":"twentytwentytwo"}},"file":"oxygen-qcnt6sdflkzyl.oxygen-demo.qsandbox.org_wpvivid-665435220977a_2024-05-27-07-24_backup_themes.part001.zip"},"oxygen-qcnt6sdflkzyl.oxygen-demo.qsandbox.org_wpvivid-665435220977a_2024-05-27-07-24_backup_plugin.zip":{"file_type":"plugin","root_flag":"wp-content","php_version":"8.0.25","mysql_version":"10.6.16","wp_version":"6.5.3","plugin":{"oxygen":{"slug":"oxygen"},"oxygen-woocommerce":{"slug":"oxygen-woocommerce"},"oxygen-gutenberg":{"slug":"oxygen-gutenberg"},"presto-player":{"slug":"presto-player"},"simply-static":{"slug":"simply-static"},"ultimate-addons-for-gutenberg":{"slug":"ultimate-addons-for-gutenberg"},"suretriggers":{"slug":"suretriggers"}},"file":"oxygen-qcnt6sdflkzyl.oxygen-demo.qsandbox.org_wpvivid-665435220977a_2024-05-27-07-24_backup_plugin.part001.zip"},"oxygen-qcnt6sdflkzyl.oxygen-demo.qsandbox.org_wpvivid-665435220977a_2024-05-27-07-24_backup_uploads.zip":{"file_type":"upload","root_flag":"wp-content","php_version":"8.0.25","mysql_version":"10.6.16","wp_version":"6.5.3","file":"oxygen-qcnt6sdflkzyl.oxygen-demo.qsandbox.org_wpvivid-665435220977a_2024-05-27-07-24_backup_uploads.part001.zip"},"oxygen-qcnt6sdflkzyl.oxygen-demo.qsandbox.org_wpvivid-665435220977a_2024-05-27-07-24_backup_content.zip":{"file_type":"wp-content","root_flag":"wp-content","php_version":"8.0.25","mysql_version":"10.6.16","wp_version":"6.5.3","file":"oxygen-qcnt6sdflkzyl.oxygen-demo.qsandbox.org_wpvivid-665435220977a_2024-05-27-07-24_backup_content.part001.zip"},"oxygen-qcnt6sdflkzyl.oxygen-demo.qsandbox.org_wpvivid-665435220977a_2024-05-27-07-24_backup_core.zip":{"file_type":"wp-core","include_path":["wp-includes","wp-admin"],"wp_core":1,"root_flag":"root","home_url":"https:\/\/oxygen-qcnt6sdflkzyl.oxygen-demo.qsandbox.org","file":"oxygen-qcnt6sdflkzyl.oxygen-demo.qsandbox.org_wpvivid-665435220977a_2024-05-27-07-24_backup_core.part001.zip"}},"file":"oxygen-qcnt6sdflkzyl.oxygen-demo.qsandbox.org_wpvivid-665435220977a_2024-05-27-07-24_backup_all.part001.zip"}